a capita rate Gamma,a capita rate beta I,0.8980378391008956
a stochastic process for these parameters,a stochastic process for the transmission rate,0.897855367688016
a capita rate beta I,a capita rate Gamma,0.8980378391008956
two metapopulation SEIR models,many SEIR models,0.9059309946394942
two metapopulation SEIR models,other models,0.9064065744957424
two metapopulation SEIR models,models,0.8618795621560323
a capita rate beta I,a capita rate Gamma,0.8980378391008956
outflow of each patch,the flow from patch,0.8989988776539342
Z _,( Z _ Z _ ),0.920139346821971
the SIR model,a simple SIR model,0.876086500946176
the state,the states,0.9086158098339207
the rate of transmission between individuals in the population,interest in the total number of people,0.8915417076768969
a capita rate Gamma,a capita rate beta I,0.8980378391008956
Z _,Z _  _,0.9730236917106553
Z _  _,( Z _ Z _ ),0.9065499608581212
many SEIR models,other models,0.9414344476027667
a capita rate beta I,a capita rate Gamma,0.8980378391008956
the rate of transmission between individuals in the population,the number of susceptible individuals,0.8701387768150279
the state,part of the state of the art,0.8691617027024567
another language  things,a language,0.8640766973384914
many SEIR models,models,0.8675341701640376
many SEIR models,other models,0.9414344476027667
the number of parasites per host,a record of the number of infection,0.8503246836502973
interest in the total number of people,part of the state of the art,0.8523043994300207
( chapters sir  intro ),[ epicookbook chapters  intro ) ),0.8827162043157073
a capita rate beta I,a capita rate Gamma,0.8980378391008956
SEIRD model ,models,0.8987657734324099
the flow from patch,j flow from patch,0.8815531517960676
models,other models,0.8737397774958471
the number of susceptible individuals,interest in the total number of people,0.868695168265436
two metapopulation SEIR models,many SEIR models,0.9059309946394942
SEIRD model ,a model,0.8601373255664188
the rate of transmission between individuals in the population,a record of the number of infection,0.8572507487267089
interest in the total number of people,a record of the number of infection,0.8771879698597687
a capita rate beta I,a capita rate Gamma,0.8980378391008956
the number of susceptible individuals,a record of the number of infection,0.8672385532120396
many SEIR models,models,0.8675341701640376
a capita rate beta I,a capita rate Gamma,0.8980378391008956
the model of,The models,0.9010735209307434
there,There,1.000000072069817
There,there,1.000000072069817
we,We,0.9999999528323831
We,we,0.9999999528323831
there,There,1.000000072069817
individuals,Individuals,0.9999998798718545
The model in a closed population,the state of our model,0.85487445821864
This model,The model,0.8932540869343901
the model of,the network model of ,0.9198657178038259
One way,a way,0.9031384336466481
The model,the state of our model,0.8525566668714539
model,SEIRD model ,1.0000000850768185
We,we,0.9999999528323831
the elements on ,all elements on the row,0.9285267723430007
many SEIR models,These models,0.9506673532501762
these models,The models,0.8820982176376544
This model,a model,0.8784473784813823
The model,the network model of ,0.8726430602789754
I,I R We,0.8672255290131871
the model of,the state of our model,0.9233662051646624
SEIRD model ,a model,0.8601373255664188
model,The model,0.8733678547128892
the model of,The model,0.9414825452178944
There,there,1.000000072069817
The models,The model,0.943917085276156
many SEIR models,The models,0.8709896769325425
Parameters,these parameters,0.8587574660416915
the model of,The models,0.9010735209307434
The model,a model,0.8882274219593911
Model description,SEIRD model ,0.8610068470611764
SEIRD model ,The model,0.8733678547128892
The model,The models,0.943917085276156
the model of,The model,0.9414825452178944
This model,The model,0.8932540869343901
i,I R We,0.8672255290131871
the model of,The model,0.9414825452178944
We,we,0.9999999528323831
We,we,0.9999999528323831
individuals,Individuals,0.9999998798718545
The model in a closed population,the state of our model,0.85487445821864
the model of,the network model of ,0.9198657178038259
We,we,0.9999999528323831
we,We,0.9999999528323831
The model,The susceptible model,0.8620021094916007
we,We,0.9999999528323831
the network model of ,The model,0.8726430602789754
we,We,0.9999999528323831
One way,one,0.9263647814953585
model,a model,0.8601373255664188
the elements on ,all elements on the row,0.9285267723430007
We,we,0.9999999528323831
we,We,0.9999999528323831
The model,the state of our model,0.8525566668714539
we,We,0.9999999528323831
i,I,1.0000000009560073
the number of infection events,the number of recovery events,0.9084938891002938
We,we,0.9999999528323831
these models,These models,0.9999999734394417
the network model of ,the state of our model,0.8779103440822627
The model,the network model of ,0.8726430602789754
We,we,0.9999999528323831
we,We,0.9999999528323831
the simplest models,The model,0.8531480874156532
model,Model description,0.8610068470611764
model,The model,0.8733678547128892
many SEIR models,these models,0.9506673532501762
One way,one,0.9263647814953585
We,we,0.9999999528323831
The model,The models,0.943917085276156
The Newick format,Newick format,0.8702043449617621
We,we,0.9999999528323831
The susceptible model,The model,0.8620021094916007
The models,These models,0.8820982176376544
the simplest models,The model,0.8531480874156532
There,there,1.000000072069817
the simplest models,The model,0.8531480874156532
the state of our model,The model,0.8525566668714539
One way,a way,0.9031384336466481
We,we,0.9999999528323831
This model,SEIRD model ,0.8606250984404834
a model,The model,0.8882274219593911
we,We,0.9999999528323831
model,The model,0.8733678547128892
The model,the model of,0.9414825452178944
The model,The susceptible model,0.8620021094916007
we,We,0.9999999528323831
the model of,the state of our model,0.9233662051646624
The model,SEIRD model ,0.8733678547128892
The model,SEIRD model ,0.8733678547128892
there,There,1.000000072069817
we,We,0.9999999528323831
We,we,0.9999999528323831
model,This model,0.8606250984404834
We,we,0.9999999528323831
the model of,The model,0.9414825452178944
This model,The model,0.8932540869343901
The model,a model,0.8882274219593911
we,We,0.9999999528323831
the simplest models,The models,0.8996818026133605
The model,the model of,0.9414825452178944
